pos,ch,included,cutoff_h,note,old_divisions,review_divisions,added_divisions,removed_divisions,added_outlier_points,n_frames,valid_points
Pos1,ch01,True,,,21.0,21.0,0.0,0.0,0.0,532.0,532.0
Pos1,ch06,True,,"分裂見逃し@0.0h, 分裂見逃し@6.6h, 分裂見逃し@36.2h, メモ点@20.9h; outlierで分裂してる",18.0,21.0,4.0,1.0,1.0,532.0,520.0
Pos1,ch07,False,,解析対象外にします,,,,,,,
Pos2,ch01,True,,,21.0,21.0,0.0,0.0,0.0,532.0,532.0
Pos2,ch04,True,,"メモ点@17.6h, 分裂見逃し@4.8h; これを最後のサイクルとして死んでいますね、膨潤死",7.0,8.0,1.0,0.0,0.0,532.0,529.0
Pos2,ch05,True,,,21.0,21.0,0.0,0.0,0.0,532.0,531.0
Pos2,ch09,True,,メモ点@17.8h; このサイクルを最後に死んでいます膨潤,11.0,7.0,1.0,5.0,13.0,1200.0,1109.0
Pos3,ch05,True,,,46.0,46.0,0.0,0.0,0.0,1199.0,1195.0
Pos3,ch06,True,,"分裂見逃し@21.8h, メモ点@93.6h, 分裂見逃し@93.9h; outlierが残っています",45.0,48.0,3.0,0.0,1.0,1199.0,1187.0
Pos3,ch10,True,,分裂見逃し@15.5h,51.0,47.0,2.0,6.0,13.0,1199.0,1160.0
Pos3,ch11,True,,,44.0,47.0,5.0,2.0,3.0,1199.0,1168.0
Pos4,ch02,True,,,36.0,36.0,0.0,0.0,0.0,902.0,901.0
Pos4,ch08,True,,,47.0,47.0,1.0,1.0,0.0,1199.0,1194.0
Pos4,ch09,True,,,47.0,46.0,0.0,1.0,5.0,1199.0,1190.0
Pos4,ch10,False,,"メモ点@50.5h, メモ点@51.7h; 解析対象外にしたいね。こっからここまでsegerrorおこしていてちょっと対処に困る。",,,,,,,
Pos5,ch01,True,,,40.0,41.0,1.0,0.0,0.0,1069.0,1062.0
Pos5,ch03,True,,,44.0,48.0,5.0,1.0,1.0,1201.0,1187.0
Pos5,ch06,True,,,47.0,48.0,2.0,1.0,3.0,1201.0,1182.0
Pos7,ch04,True,,,49.0,49.0,0.0,0.0,0.0,1200.0,1199.0
Pos7,ch10,False,,,,,,,,,
Pos8,ch05,True,,分裂見逃し@85.7h,47.0,48.0,1.0,0.0,0.0,1200.0,1199.0
Pos8,ch09,True,,メモ点@34.0h; このcycleをさいごにしんでいます。,19.0,19.0,1.0,1.0,1.0,1200.0,1179.0
Pos9,ch05,True,,"メモ点@88.7h, メモ点@89.4h; このcycleにoutlierが5てんのこっています。",47.0,47.0,1.0,1.0,5.0,1199.0,1180.0
Pos10,ch02,True,,メモ点@71.2h; このさいくるがさいごのさいくるでしんでいます,31.0,29.0,0.0,2.0,23.0,1200.0,1165.0
Pos10,ch03,True,,メモ点@78.6h; ここでしんでいます,37.0,37.0,0.0,0.0,0.0,1201.0,1199.0
Pos11,ch04,True,,分裂見逃し@3.6h,46.0,47.0,1.0,0.0,0.0,1201.0,1189.0
Pos11,ch05,True,,"分裂見逃し@70.9h, 分裂見逃し@74.8h",44.0,46.0,2.0,0.0,1.0,1201.0,1191.0
Pos12,ch01,True,,"メモ点@44.8h, メモ点@45.0h, メモ点@45.3h, メモ点@46.1h, メモ点@45.6h, メモ点@46.5h, メモ点@47.6h, メモ点@49.3h; outlier未除外です",45.0,47.0,2.0,0.0,4.0,1201.0,1174.0
Pos12,ch03,True,,"メモ点@48.8h, 分裂見逃し@7.9h, 変なcycle@19.7h(18-20h), 変なcycle@19.8h(18-20h), 変なcycle@20.0h(18-20h); ここでしんでいます。outlierが3点あって未除外です。誤分裂もしています",22.0,22.0,1.0,1.0,5.0,1184.0,1165.0
Pos12,ch04,True,,,22.0,22.0,0.0,0.0,4.0,565.0,552.0
Pos12,ch10,True,,メモ点@27.8h; ここでしんでいます,11.0,11.0,0.0,0.0,0.0,1201.0,1201.0
Pos13,ch01,True,,"変なcycle@76.8h(76-78h), 変なcycle@77.2h(76-78h), 変なcycle@77.0h(76-78h); outlierが3てんほど未除外で誤分裂判定もしています。",48.0,47.0,0.0,1.0,4.0,1201.0,1187.0
Pos13,ch04,True,,"分裂見逃し@86.8h, 分裂見逃し@90.8h, 分裂見逃し@95.5h, 分裂見逃し@97.7h, 分裂見逃し@99.8h, メモ点@96.8h, メモ点@97.2h; outlierが2てんあり、未除外です。",43.0,46.0,4.0,1.0,4.0,1201.0,1186.0
Pos14,ch07,True,,"メモ点@13.0h, メモ点@13.3h, メモ点@93.2h, メモ点@93.3h; outlierが4店あります。誤分裂判定もしています。",49.0,47.0,0.0,2.0,6.0,1201.0,1178.0
Pos15,ch06,True,,分裂見逃し@47.3h,46.0,47.0,1.0,0.0,0.0,1201.0,1200.0
Pos17,ch09,True,,メモ点@75.4h,47.0,47.0,1.0,1.0,1.0,1198.0,1183.0
Pos21,ch04,True,,,48.0,47.0,0.0,1.0,0.0,1200.0,1200.0
Pos22,ch02,True,,,47.0,47.0,0.0,0.0,0.0,1201.0,1199.0
Pos30,ch01,False,,メモ点@8.0h; さいしょからしんでいますね。解析対象外です,,,,,,,
Pos37,ch10,True,,"メモ点@38.3h, メモ点@38.7h, メモ点@38.3h; outlierが3点ほどあります。誤分裂判定もしています",37.0,38.0,2.0,1.0,3.0,967.0,957.0
Pos51,ch00,True,,"メモ点@71.7h, メモ点@72.1h, メモ点@71.6h, メモ点@94.5h, メモ点@94.6h, メモ点@96.5h, メモ点@96.5h, 分裂見逃し@9.4h; outlierがあります。誤分裂判定もしています",43.0,46.0,4.0,1.0,9.0,1201.0,1169.0
Pos52,ch06,True,,"メモ点@4.5h, メモ点@6.6h, メモ点@6.8h, メモ点@7.1h, メモ点@7.2h, メモ点@9.2h, メモ点@68.4h, メモ点@68.6h, メモ点@68.5h, メモ点@72.9h, メモ点@72.9h, メモ点@73.0h, メモ点@73.0h, 分裂見逃し@73.9h, 分裂見逃し@78.6h, 分裂見逃し@92.5h",45.0,46.0,4.0,3.0,11.0,1201.0,1163.0
Pos53,ch03,False,,メモ点@4.5h; 最初から死んでいますね。解析対象外です,,,,,,,
Pos54,ch02,False,,分裂見逃し@11.6h; ひどいので解析対象外です,,,,,,,
Pos56,ch10,True,,"メモ点@56.1h, 分裂見逃し@47.5h, 分裂見逃し@43.4h, 分裂見逃し@15.7h, メモ点@15.4h, メモ点@15.5h, メモ点@15.6h; さいごはここで死んでいますね。outlierもあります",23.0,26.0,3.0,0.0,2.0,1201.0,1185.0
Pos58,ch02,False,,解析対象外です,,,,,,,
Pos58,ch09,True,,"分裂見逃し@20.7h, 分裂見逃し@22.3h, メモ点@1.7h, メモ点@7.3h, メモ点@95.4h; otulierです",48.0,49.0,3.0,2.0,2.0,1201.0,1181.0
Pos58,ch10,True,,,48.0,49.0,1.0,0.0,0.0,1200.0,1193.0
Pos59,ch09,True,,"分裂見逃し@16.0h, 分裂見逃し@39.7h, メモ点@71.1h, メモ点@39.4h; ここでしんでいます",33.0,37.0,6.0,2.0,5.0,1197.0,1160.0
Pos59,ch10,True,,"メモ点@16.2h, メモ点@16.2h, メモ点@69.9h, メモ点@69.9h, メモ点@70.0h, メモ点@70.0h, メモ点@74.3h, メモ点@78.4h, メモ点@78.8h, メモ点@78.9h, メモ点@93.6h, メモ点@97.7h, メモ点@98.0h, メモ点@98.1h, メモ点@98.1h, メモ点@31.7h, 分裂見逃し@3.3h",43.0,46.0,7.0,4.0,19.0,1197.0,1121.0
Pos61,ch03,False,,解析対象外にします。,,,,,,,
Pos61,ch08,True,,"分裂見逃し@4.8h, 分裂見逃し@62.6h, メモ点@83.0h, メモ点@83.1h, 分裂見逃し@86.9h",44.0,46.0,4.0,2.0,2.0,1182.0,1167.0
Pos61,ch10,True,,"メモ点@7.7h, メモ点@65.0h, メモ点@88.5h, メモ点@95.1h, メモ点@95.1h, メモ点@95.1h, メモ点@95.1h, メモ点@95.1h, メモ点@95.7h, メモ点@97.5h, メモ点@97.5h, メモ点@97.5h, メモ点@97.8h, メモ点@97.8h, メモ点@97.8h, メモ点@98.0h, メモ点@98.3h, メモ点@98.7h, メモ点@98.4h",47.0,48.0,4.0,3.0,18.0,1201.0,1156.0
Pos66,ch01,True,,メモ点@15.0h,47.0,47.0,0.0,0.0,1.0,1200.0,1196.0
Pos66,ch03,True,,"分裂見逃し@69.1h, 分裂見逃し@98.0h, メモ点@91.3h, メモ点@91.3h",45.0,47.0,2.0,0.0,1.0,1200.0,1179.0
Pos66,ch09,True,,メモ点@15.7h; ここでしんでいます,5.0,5.0,0.0,0.0,0.0,1200.0,1200.0
Pos67,ch06,True,,,42.0,42.0,0.0,0.0,0.0,1076.0,1073.0
Pos67,ch08,True,,"メモ点@21.8h, 分裂見逃し@40.2h",44.0,45.0,1.0,0.0,0.0,1200.0,1195.0
Pos69,ch00,True,,,48.0,47.0,0.0,1.0,0.0,1201.0,1201.0
Pos69,ch01,True,,,49.0,49.0,0.0,0.0,0.0,1201.0,1201.0
Pos69,ch02,True,,,48.0,48.0,0.0,0.0,0.0,1201.0,1199.0
Pos70,ch04,True,,"分裂見逃し@84.2h, メモ点@88.0h, メモ点@88.0h, メモ点@88.0h, メモ点@88.1h, メモ点@88.1h",45.0,47.0,4.0,2.0,4.0,1201.0,1185.0
Pos70,ch07,True,,"メモ点@58.5h, 分裂見逃し@19.5h; ここがさいごにしんでいます",24.0,25.0,1.0,0.0,0.0,1201.0,1198.0
Pos71,ch05,True,,"メモ点@7.5h, メモ点@7.7h, メモ点@58.3h; 最後死んでる",27.0,26.0,0.0,1.0,5.0,1200.0,1186.0
Pos71,ch08,True,,分裂見逃し@92.5h,45.0,46.0,1.0,0.0,0.0,1200.0,1193.0
Pos71,ch09,True,,,41.0,41.0,0.0,0.0,0.0,1056.0,1056.0
Pos72,ch03,True,,,9.0,9.0,0.0,0.0,0.0,224.0,224.0
Pos72,ch07,True,,,9.0,9.0,0.0,0.0,0.0,224.0,224.0
Pos74,ch08,True,,メモ点@11.3h; 最後死んでる,3.0,3.0,0.0,0.0,0.0,1199.0,1199.0
Pos74,ch10,True,,,33.0,34.0,1.0,0.0,0.0,887.0,877.0
Pos75,ch01,True,,メモ点@14.4h; さいごしんでる,5.0,5.0,0.0,0.0,0.0,486.0,486.0
Pos75,ch08,True,,"分裂見逃し@33.6h, メモ点@76.7h; さいごしんでる",32.0,33.0,1.0,0.0,0.0,1201.0,1187.0
Pos75,ch10,True,,,47.0,48.0,2.0,1.0,1.0,1200.0,1190.0
Pos76,ch08,True,,"メモ点@75.3h, メモ点@75.3h, メモ点@75.8h, メモ点@76.0h, メモ点@5.8h, 分裂見逃し@21.5h, 分裂見逃し@32.0h, 分裂見逃し@34.3h, 分裂見逃し@42.6h, メモ点@91.3h; さいごしんでる",40.0,42.0,5.0,3.0,6.0,1200.0,1177.0
Pos76,ch10,True,,メモ点@101.2h,48.0,47.0,0.0,1.0,0.0,1200.0,1184.0
Pos77,ch07,True,,"分裂見逃し@5.5h, 分裂見逃し@8.0h, メモ点@7.7h, メモ点@7.9h, メモ点@45.1h",45.0,46.0,2.0,1.0,0.0,1201.0,1193.0
Pos77,ch08,True,,メモ点@3.0h; ここで死んでる,2.0,2.0,0.0,0.0,7.0,1201.0,1170.0
Pos78,ch00,True,,,47.0,47.0,0.0,0.0,0.0,1201.0,1199.0
Pos78,ch01,True,,分裂見逃し@90.2h,47.0,48.0,1.0,0.0,0.0,1201.0,1200.0
Pos78,ch03,True,,分裂見逃し@39.6h,46.0,47.0,1.0,0.0,0.0,1201.0,1193.0
Pos78,ch04,True,,,48.0,48.0,0.0,0.0,0.0,1201.0,1201.0
Pos78,ch08,True,,"メモ点@41.5h, メモ点@75.2h, メモ点@79.3h, メモ点@79.5h",47.0,47.0,3.0,3.0,5.0,1201.0,1159.0
Pos80,ch00,True,,メモ点@80.5h; しんでる,36.0,36.0,0.0,0.0,0.0,1201.0,1201.0
Pos80,ch07,True,,分裂見逃し@70.6h,46.0,47.0,1.0,0.0,0.0,1201.0,1192.0
Pos81,ch03,False,,よくわからん。いったん解析対象外。膨潤死ながらぶんれつしてしばらくいきている。,,,,,,,
Pos81,ch09,True,,メモ点@24.6h; ここでしんでる,10.0,10.0,0.0,0.0,0.0,1201.0,1201.0
Pos82,ch00,True,,メモ点@19.4h; ここでしんでる,7.0,7.0,0.0,0.0,5.0,1200.0,1103.0
Pos82,ch01,True,,メモ点@66.5h; ここでしんでる,30.0,30.0,0.0,0.0,0.0,1200.0,1198.0
Pos82,ch03,True,,メモ点@85.5h; ここでしんでる,39.0,39.0,0.0,0.0,0.0,1200.0,1196.0
Pos82,ch07,True,,,47.0,47.0,0.0,0.0,2.0,1200.0,1196.0
Pos83,ch01,True,,,47.0,47.0,0.0,0.0,0.0,1201.0,1201.0
Pos84,ch01,True,,"メモ点@43.6h, 分裂見逃し@18.9h, メモ点@99.7h; ここでしんでる。elongation死だ。",45.0,45.0,1.0,1.0,1.0,1201.0,1188.0
Pos84,ch03,True,,メモ点@13.3h; ここで死んでる,8.0,8.0,0.0,0.0,3.0,1200.0,1163.0
Pos84,ch06,True,,"分裂見逃し@74.2h, 分裂見逃し@85.1h",45.0,47.0,2.0,0.0,0.0,1201.0,1196.0
Pos84,ch10,True,,"メモ点@74.4h, メモ点@76.4h, メモ点@89.2h, 分裂見逃し@90.1h, メモ点@94.3h",47.0,47.0,1.0,1.0,2.0,1201.0,1188.0
Pos85,ch00,True,,メモ点@38.6h; ここでしんでる,16.0,17.0,1.0,0.0,0.0,1201.0,1201.0
Pos85,ch07,True,90.0,分裂見逃し@81.9h; 90h以降を解析対象外とします。それまではいい感じ,42.0,43.0,1.0,0.0,0.0,1080.0,1077.0
Pos85,ch09,True,,"メモ点@15.6h, メモ点@35.2h, メモ点@35.4h, メモ点@35.5h, メモ点@35.8h, メモ点@44.7h, メモ点@45.1h, メモ点@100.8h",51.0,46.0,0.0,5.0,10.0,1201.0,1169.0
Pos86,ch00,True,,"メモ点@73.3h, メモ点@73.4h, メモ点@99.8h, 分裂見逃し@81.1h, 分裂見逃し@100.8h",45.0,46.0,2.0,1.0,2.0,1201.0,1188.0
Pos86,ch04,False,,メモ点@5.0h; さいしょからしんでいるので解析対象外,,,,,,,
Pos87,ch02,True,,分裂見逃し@95.0h,47.0,47.0,1.0,1.0,0.0,1200.0,1199.0
Pos87,ch11,False,,解析対象外にします。,,,,,,,
Pos89,ch01,True,,"分裂見逃し@45.1h, メモ点@66.2h; ここで死んでる",29.0,30.0,1.0,0.0,0.0,1201.0,1195.0
Pos89,ch02,True,,,47.0,47.0,0.0,0.0,0.0,1199.0,1199.0
Pos89,ch04,True,,メモ点@90.6h; ここでしんでる,44.0,44.0,0.0,0.0,0.0,1199.0,1199.0
Pos89,ch07,True,,"メモ点@96.3h, メモ点@96.5h, 分裂見逃し@96.9h, 分裂見逃し@16.8h",46.0,47.0,2.0,1.0,2.0,1199.0,1186.0
Pos90,ch04,True,,分裂見逃し@78.1h,46.0,47.0,1.0,0.0,0.0,1201.0,1200.0
Pos90,ch09,True,,メモ点@57.8h; ここでしんでる,24.0,24.0,0.0,0.0,1.0,1201.0,1198.0
Pos91,ch08,False,,"メモ点@2.8h, メモ点@29.1h, メモ点@29.2h, メモ点@29.5h; 解析対象外にします",,,,,,,
Pos91,ch10,True,,"メモ点@18.5h, メモ点@74.5h, メモ点@74.8h, メモ点@75.1h, メモ点@76.6h, メモ点@77.6h, メモ点@83.1h, メモ点@83.3h, メモ点@83.4h, メモ点@85.5h, メモ点@85.7h, メモ点@85.9h, メモ点@92.4h, メモ点@99.4h, メモ点@99.4h, メモ点@99.8h, メモ点@99.8h, メモ点@100.0h",51.0,46.0,2.0,7.0,17.0,1201.0,1156.0
Pos92,ch11,True,,,6.0,6.0,0.0,0.0,0.0,152.0,152.0
Pos93,ch00,True,,"分裂見逃し@3.0h, 分裂見逃し@13.6h",11.0,13.0,2.0,0.0,0.0,323.0,321.0
Pos93,ch03,True,,,3.0,3.0,0.0,0.0,0.0,323.0,323.0
Pos93,ch06,True,,,11.0,11.0,0.0,0.0,0.0,323.0,323.0
Pos94,ch08,False,,解析対象外にします。,,,,,,,
Pos94,ch09,False,,"分裂見逃し@77.9h, 分裂見逃し@42.8h, 分裂見逃し@91.3h, 分裂見逃し@93.4h; この系列は解析対象外にします",,,,,,,
Pos94,ch10,False,,この系列は解析対象外にします,,,,,,,
Pos95,ch00,True,,メモ点@58.6h; ここで死んでる,25.0,25.0,0.0,0.0,1.0,1198.0,1197.0
Pos95,ch01,True,,"メモ点@49.1h, メモ点@49.2h, メモ点@49.4h; この辺の150um3超えている点たちぜんぶoutlier",48.0,47.0,0.0,1.0,4.0,1198.0,1192.0
Pos95,ch02,True,,分裂見逃し@14.4h,46.0,47.0,1.0,0.0,0.0,1198.0,1195.0
Pos95,ch04,True,,メモ点@93.5h; 死亡,42.0,42.0,0.0,0.0,0.0,1198.0,1198.0
Pos96,ch01,True,,"メモ点@37.7h, メモ点@22.3h, 分裂見逃し@7.1h; ここでelong死 してるoutlierで誤分裂判定している",19.0,18.0,1.0,2.0,2.0,1201.0,1160.0
Pos96,ch02,True,,メモ点@23.5h; ここで死んでる,5.0,5.0,0.0,0.0,0.0,1201.0,1199.0
Pos96,ch08,True,,"メモ点@67.9h, 分裂見逃し@28.4h; volume200超えているものoutlierです",41.0,45.0,5.0,1.0,4.0,1201.0,1174.0
Pos97,ch03,True,,メモ点@3.8h; ここで死んでる,2.0,2.0,0.0,0.0,0.0,269.0,269.0
Pos97,ch10,True,,メモ点@87.8h; outlierじょがいできていない,48.0,47.0,0.0,1.0,1.0,1200.0,1185.0
Pos98,ch04,True,,メモ点@38.9h,16.0,16.0,0.0,0.0,0.0,778.0,772.0
Pos98,ch05,True,,分裂見逃し@65.6h,33.0,34.0,1.0,0.0,0.0,865.0,858.0
