pos,ch,mark_h,events,valid_points,excluded_points
Pos2,ch04,18.0,該当候補なし,3,0
Pos2,ch09,17.2,該当候補なし,4,0
Pos3,ch05,99.0,該当候補なし,3,0
Pos3,ch06,94.1,94.250 h: 採用 (persistent_step_between_good_measurements),3,1
Pos3,ch10,18.8,18.583 h: 非採用 (insufficient_good_points); 18.750 h: 非採用 (insufficient_good_points),4,0
Pos3,ch10,75.4,75.417 h: 非採用 (no_supported_step); 75.667 h: 採用 (mass_volume_step); 75.750 h: 採用 (mass_volume_step),1,3
Pos4,ch09,99.3,該当候補なし,4,0
Pos5,ch06,92.9,92.917 h: 採用 (mass_volume_step),4,0
Pos7,ch04,41.9,41.833 h: 採用 (mass_volume_step),4,0
Pos8,ch09,35.6,該当候補なし,4,0
Pos9,ch05,0.0,該当候補なし,2,0
Pos10,ch02,62.2,該当候補なし,4,0
Pos10,ch03,79.7,該当候補なし,4,0
Pos12,ch03,49.1,該当候補なし,4,0
Pos12,ch10,31.3,該当候補なし,4,0
Pos51,ch00,95.9,該当候補なし,4,0
Pos52,ch06,8.6,該当候補なし,2,2
Pos52,ch06,8.8,該当候補なし,4,0
Pos52,ch06,9.0,9.167 h: 採用 (mass_volume_step),3,0
Pos52,ch06,70.0,該当候補なし,3,0
Pos56,ch10,58.7,該当候補なし,4,0
Pos58,ch09,95.9,96.167 h: 採用 (mass_volume_step),4,0
Pos59,ch09,70.8,該当候補なし,4,0
Pos59,ch10,71.7,71.583 h: 非採用 (insufficient_good_points),4,0
Pos59,ch10,79.4,79.250 h: 非採用 (no_supported_step); 79.417 h: 非採用 (no_supported_step),1,3
Pos59,ch10,79.7,79.417 h: 非採用 (no_supported_step); 79.833 h: 採用 (mass_volume_step),2,2
Pos61,ch10,99.1,98.833 h: 非採用 (insufficient_good_points); 99.083 h: 採用 (mass_volume_step),4,0
Pos66,ch09,17.6,該当候補なし,4,0
Pos67,ch08,23.5,該当候補なし,3,0
Pos67,ch08,23.7,該当候補なし,3,0
Pos70,ch07,58.7,該当候補なし,4,0
Pos71,ch05,58.6,該当候補なし,4,0
Pos74,ch08,14.6,該当候補なし,4,0
Pos75,ch01,16.3,該当候補なし,4,0
Pos75,ch08,76.1,該当候補なし,4,0
Pos76,ch08,91.4,該当候補なし,4,0
Pos77,ch07,9.6,9.583 h: 非採用 (no_supported_step); 9.917 h: 採用 (persistent_step_between_good_measurements),3,1
Pos77,ch08,4.6,該当候補なし,4,0
Pos80,ch00,81.5,該当候補なし,3,0
Pos81,ch09,25.2,該当候補なし,4,0
Pos82,ch00,20.6,該当候補なし,4,0
Pos82,ch01,70.0,該当候補なし,3,0
Pos82,ch03,87.2,該当候補なし,4,0
Pos84,ch01,95.7,該当候補なし,4,0
Pos84,ch03,14.9,該当候補なし,4,0
Pos84,ch10,75.4,75.333 h: 採用 (mass_volume_step),4,0
Pos84,ch10,94.9,94.917 h: 採用 (mass_volume_step),4,0
Pos85,ch00,41.4,該当候補なし,4,0
Pos85,ch09,38.0,37.750 h: 非採用 (insufficient_good_points); 37.917 h: 非採用 (insufficient_good_points),3,0
Pos89,ch01,68.6,68.583 h: 非採用 (no_supported_step),3,1
Pos89,ch02,98.5,該当候補なし,3,0
Pos89,ch04,92.6,該当候補なし,4,0
Pos90,ch09,56.6,該当候補なし,4,0
Pos93,ch03,11.9,該当候補なし,4,0
Pos93,ch06,25.9,該当候補なし,4,0
Pos95,ch00,17.2,該当候補なし,4,0
Pos95,ch00,17.5,17.833 h: 採用 (mass_volume_step),2,1
Pos95,ch00,61.2,該当候補なし,4,0
Pos95,ch04,93.1,該当候補なし,4,0
Pos96,ch01,40.0,該当候補なし,3,0
Pos96,ch02,22.2,該当候補なし,4,0
Pos96,ch08,75.8,75.917 h: 採用 (mass_volume_step),3,1
Pos97,ch03,6.6,該当候補なし,4,0
Pos98,ch04,38.0,該当候補なし,3,0
